{
  "version": 1,
  "author": "Marlon Delgado",
  "editor": "wokwi",
  "parts": [
    { "type": "wokwi-breadboard", "id": "bb1", "top": -127.8, "left": -246.8, "attrs": {} },
    {
      "type": "board-esp32-devkit-c-v4",
      "id": "esp",
      "top": 55.94,
      "left": 3.7,
      "rotate": 90,
      "attrs": {}
    },
    {
      "type": "wokwi-a4988",
      "id": "drv1",
      "top": -62.2,
      "left": 14.8,
      "rotate": 270,
      "attrs": {}
    },
    {
      "type": "wokwi-stepper-motor",
      "id": "stepper1",
      "top": -361.19,
      "left": -37.97,
      "attrs": { "arrow": "orange" }
    },
    {
      "type": "board-ssd1306",
      "id": "oled1",
      "top": 99.14,
      "left": 221.03,
      "attrs": { "i2cAddress": "0x3c" }
    },
    {
      "type": "wokwi-pir-motion-sensor",
      "id": "pir1",
      "top": 109.6,
      "left": -218.58,
      "attrs": {}
    }
  ],
  "connections": [
    [ "esp:TX", "$serialMonitor:RX", "", [] ],
    [ "esp:RX", "$serialMonitor:TX", "", [] ],
    [ "drv1:VMOT", "bb1:tp.20", "red", [ "v0" ] ],
    [ "bb1:tn.20", "drv1:GND.2", "black", [ "v-0.1", "h8.72" ] ],
    [ "stepper1:A-", "bb1:27t.a", "orange", [ "v9.6", "h-105.6" ] ],
    [ "bb1:28t.a", "stepper1:A+", "purple", [ "v-57.6", "h105.6" ] ],
    [ "bb1:29t.a", "stepper1:B+", "cyan", [ "v-48", "h105.6" ] ],
    [ "bb1:30t.a", "stepper1:B-", "blue", [ "v-67.2", "h105.61" ] ],
    [ "bb1:bp.16", "esp:5V", "red", [ "v27.9", "h-29.6" ] ],
    [ "bb1:bn.17", "esp:CMD", "black", [ "v27.5", "h-10.4" ] ],
    [ "esp:D2", "bb1:32b.h", "limegreen", [ "v-28.65", "h86.4" ] ],
    [ "esp:13", "bb1:31b.h", "cyan", [ "v-19.05", "h67.2" ] ],
    [ "bb1:30b.h", "bb1:29b.h", "green", [ "v0" ] ],
    [ "drv1:VDD", "bb1:bp.29", "red", [ "v-19.35", "h48.88" ] ],
    [ "bb1:bn.28", "drv1:GND.1", "black", [ "v0" ] ],
    [ "oled1:SDA", "esp:21", "black", [ "v153.6", "h-201.53" ] ],
    [ "oled1:SCL", "esp:22", "black", [ "v144", "h-162.9" ] ],
    [ "oled1:GND", "esp:GND.2", "black", [ "v0" ] ],
    [ "oled1:VCC", "esp:3V3", "red", [ "v0" ] ],
    [ "pir1:OUT", "esp:34", "black", [ "h57.46", "v-86.55" ] ],
    [ "pir1:GND", "esp:GND.1", "black", [ "h76.54", "v-86.55" ] ],
    [ "pir1:VCC", "esp:5V", "red", [ "h86.4", "v-86.55" ] ],
    [ "drv1:ENABLE", "bb1:25b.g", "", [ "$bb" ] ],
    [ "drv1:MS1", "bb1:26b.g", "", [ "$bb" ] ],
    [ "drv1:MS2", "bb1:27b.g", "", [ "$bb" ] ],
    [ "drv1:MS3", "bb1:28b.g", "", [ "$bb" ] ],
    [ "drv1:RESET", "bb1:29b.g", "", [ "$bb" ] ],
    [ "drv1:SLEEP", "bb1:30b.g", "", [ "$bb" ] ],
    [ "drv1:STEP", "bb1:31b.g", "", [ "$bb" ] ],
    [ "drv1:DIR", "bb1:32b.g", "", [ "$bb" ] ],
    [ "drv1:GND.1", "bb1:32t.d", "", [ "$bb" ] ],
    [ "drv1:VDD", "bb1:31t.d", "", [ "$bb" ] ],
    [ "drv1:1B", "bb1:30t.d", "", [ "$bb" ] ],
    [ "drv1:1A", "bb1:29t.d", "", [ "$bb" ] ],
    [ "drv1:2A", "bb1:28t.d", "", [ "$bb" ] ],
    [ "drv1:2B", "bb1:27t.d", "", [ "$bb" ] ],
    [ "drv1:GND.2", "bb1:26t.d", "", [ "$bb" ] ],
    [ "drv1:VMOT", "bb1:25t.d", "", [ "$bb" ] ]
  ],
  "dependencies": {}
}